VAGUENESS CATEGORY,WORD
admission of error,a mistake
admission of error,chances are
admission of error,excuse me
admission of error,i don t know
admission of error,i forget
admission of error,i forgot
admission of error,i guess
admission of error,i made a mistake
admission of error,i made an error
admission of error,i slipped
admission of error,i suppose
admission of error,i think
admission of error,i was wrong
admission of error,let s see
admission of error,maybe
admission of error,not sure
admission of error,pardon me
admission of error,sorry
admission of error,would guess
admission of error,would suppose
ambiguous designation,a certain
ambiguous designation,a particular
ambiguous designation,a thing
ambiguous designation,all of them
ambiguous designation,all of these
ambiguous designation,all of this
ambiguous designation,all of those
ambiguous designation,all people
ambiguous designation,all the time
ambiguous designation,all these
ambiguous designation,all this
ambiguous designation,all those
ambiguous designation,and other
ambiguous designation,and others
ambiguous designation,and so forth
ambiguous designation,and so on
ambiguous designation,and such
ambiguous designation,and things
ambiguous designation,another part
ambiguous designation,another thing
ambiguous designation,aspect
ambiguous designation,different things
ambiguous designation,etc
ambiguous designation,etcetera
ambiguous designation,factor
ambiguous designation,feature
ambiguous designation,general area
ambiguous designation,general idea
ambiguous designation,manner
ambiguous designation,nature of
ambiguous designation,no particular
ambiguous designation,not any
ambiguous designation,not anything
ambiguous designation,or other
ambiguous designation,or others
ambiguous designation,other one
ambiguous designation,other thing
ambiguous designation,other things
ambiguous designation,same thing
ambiguous designation,same way
ambiguous designation,somebody
ambiguous designation,somehow
ambiguous designation,something
ambiguous designation,sometime
ambiguous designation,somewhere
ambiguous designation,stuff
ambiguous designation,the like
ambiguous designation,the rest
ambiguous designation,they say
ambiguous designation,type of thing
ambiguous designation,what not
ambiguous designation,whatever
anaphora,former
anaphora,he
anaphora,her
anaphora,him
anaphora,it
anaphora,its
anaphora,latter
anaphora,other
anaphora,she
anaphora,such
anaphora,them
anaphora,they
anaphora,this
anaphora,those
approximation,a while
approximation,about as
approximation,about the same
approximation,almost
approximation,almost every
approximation,almost everyone
approximation,amounts to
approximation,by and large
approximation,fairly
approximation,figures out
approximation,form of
approximation,halfway
approximation,just a
approximation,just about
approximation,kind of
approximation,largely
approximation,less and less
approximation,less than good
approximation,mainly
approximation,more and more
approximation,near to
approximation,nearly
approximation,nearly all
approximation,not as
approximation,off the top of
approximation,one or two
approximation,or so
approximation,overall
approximation,practically
approximation,pretty good
approximation,pretty much
approximation,pretty well
approximation,shortly
approximation,sooner or later
approximation,sort of
approximation,type of
approximation,virtually
bluff & recovery,a long story short
bluff & recovery,actually
bluff & recovery,alright
bluff & recovery,anyhow
bluff & recovery,anyway
bluff & recovery,as a matter of fact
bluff & recovery,as far as
bluff & recovery,as we know
bluff & recovery,at any rate
bluff & recovery,beyond doubt
bluff & recovery,everybody knows
bluff & recovery,everyone knows
bluff & recovery,i mean
bluff & recovery,i said before
bluff & recovery,i spoke of before
bluff & recovery,i stated before
bluff & recovery,if anything
bluff & recovery,if nothing else
bluff & recovery,in a way
bluff & recovery,in any case
bluff & recovery,in any event
bluff & recovery,in fact
bluff & recovery,it is felt
bluff & recovery,it is hoped
bluff & recovery,it is thought
bluff & recovery,known by most
bluff & recovery,like all
bluff & recovery,matter of fact
bluff & recovery,mentioned before
bluff & recovery,more of a
bluff & recovery,naturally
bluff & recovery,no doubt
bluff & recovery,obvious
bluff & recovery,obviously
bluff & recovery,of course
bluff & recovery,ok
bluff & recovery,okay
bluff & recovery,or at least
bluff & recovery,should say
bluff & recovery,so to say
bluff & recovery,so to speak
bluff & recovery,truth of the matter
bluff & recovery,we all know
bluff & recovery,well know
bluff & recovery,without a doubt
bluff & recovery,without doubt
bluff & recovery,would say
bluff & recovery,would seem
bluff & recovery,would tend
bluff & recovery,you all know
bluff & recovery,you all realize
bluff & recovery,you know
bluff & recovery,you might say
bluff & recovery,you realize
bluff & recovery,you see
indefinite amount,a bit
indefinite amount,a bunch
indefinite amount,a couple
indefinite amount,a little
indefinite amount,a lot
indefinite amount,aggregate
indefinite amount,aggregated
indefinite amount,amount of them
indefinite amount,any great extent
indefinite amount,any number of
indefinite amount,as little as
indefinite amount,as much as
indefinite amount,bulk
indefinite amount,caboodle
indefinite amount,considerable
indefinite amount,considerable amount
indefinite amount,enough of them
indefinite amount,enough of these
indefinite amount,enough of those
indefinite amount,few
indefinite amount,flock
indefinite amount,give or take
indefinite amount,heap
indefinite amount,large amount
indefinite amount,lesser extent
indefinite amount,majority
indefinite amount,mass
indefinite amount,mess
indefinite amount,more or less
indefinite amount,most
indefinite amount,mostly
indefinite amount,much
indefinite amount,muddle
indefinite amount,no less than
indefinite amount,plenty of
indefinite amount,quite a
indefinite amount,quite a bit
indefinite amount,rather large
indefinite amount,rather small
indefinite amount,small amount
indefinite amount,some
indefinite amount,volume
indefinite amount,what little
multiplicity,age
multiplicity,among other things
multiplicity,area
multiplicity,areas
multiplicity,aspects
multiplicity,cases
multiplicity,complex
multiplicity,complicated
multiplicity,conditions
multiplicity,considerations
multiplicity,different groups
multiplicity,factors
multiplicity,fields
multiplicity,for years
multiplicity,interests
multiplicity,involved
multiplicity,kinds
multiplicity,lots
multiplicity,many
multiplicity,matters
multiplicity,not so much
multiplicity,numbers
multiplicity,others
multiplicity,peoples
multiplicity,places
multiplicity,points
multiplicity,reasons
multiplicity,respects
multiplicity,several
multiplicity,situations
multiplicity,sorts
multiplicity,things
multiplicity,types
multiplicity,varieties
multiplicity,various
multiplicity,ways
negated intensifiers,aren't necessarily
negated intensifiers,aren't too
negated intensifiers,can't really
negated intensifiers,cannot necessarily
negated intensifiers,couldn't really
negated intensifiers,didn't really
negated intensifiers,doesn't necessarily
negated intensifiers,doesn't seem
negated intensifiers,don't necessarily
negated intensifiers,don't really
negated intensifiers,don't seem
negated intensifiers,haven't seen exactly
negated intensifiers,isn't necessarily
negated intensifiers,isn't really
negated intensifiers,isn't too
negated intensifiers,never really
negated intensifiers,not absolutely
negated intensifiers,not all
negated intensifiers,not always
negated intensifiers,not definite
negated intensifiers,not definitely
negated intensifiers,not entirely
negated intensifiers,not especially
negated intensifiers,not every
negated intensifiers,not everybody
negated intensifiers,not everyone
negated intensifiers,not exactly
negated intensifiers,not fully
negated intensifiers,not hardly
negated intensifiers,not important
negated intensifiers,not involve
negated intensifiers,not involved
negated intensifiers,not just
negated intensifiers,not many
negated intensifiers,not most
negated intensifiers,not necessarily
negated intensifiers,not often
negated intensifiers,not particularly
negated intensifiers,not positively
negated intensifiers,not quite
negated intensifiers,not really
negated intensifiers,not seem
negated intensifiers,not so many
negated intensifiers,not so very
negated intensifiers,not specifically
negated intensifiers,not strictly
negated intensifiers,not too
negated intensifiers,not unimportant
negated intensifiers,not usually
negated intensifiers,not very
negated intensifiers,not without
negated intensifiers,not withstanding
negated intensifiers,really couldn't
negated intensifiers,wasn't too
negated intensifiers,won't necessarily
probability & possibility,at times
probability & possibility,could be
probability & possibility,could mean
probability & possibility,frequently
probability & possibility,generally
probability & possibility,indefinite
probability & possibility,likelihood
probability & possibility,likely
probability & possibility,may
probability & possibility,may or may not
probability & possibility,may well
probability & possibility,might
probability & possibility,more often than not
probability & possibility,most of the time
probability & possibility,not infrequently
probability & possibility,now and then
probability & possibility,occasionally
probability & possibility,often
probability & possibility,oftentime
probability & possibility,on occasion
probability & possibility,on the average
probability & possibility,on the whole
probability & possibility,or another
probability & possibility,ordinarily
probability & possibility,perhaps
probability & possibility,possibility
probability & possibility,possibly
probability & possibility,probable
probability & possibility,probably
probability & possibility,sometimes
probability & possibility,suppose
probability & possibility,supposed
probability & possibility,tendencies
probability & possibility,usually
reservations,apparently
reservations,appear
reservations,appears
reservations,as it were
reservations,basically
reservations,can be said
reservations,considerably
reservations,essential
reservations,essentially
reservations,for all practical
reservations,for the most part
reservations,in effect
reservations,in essence
reservations,in general
reservations,in substance
reservations,matter of degree
reservations,normally
reservations,not say
reservations,not to say
reservations,not what you call
reservations,nothing more than
reservations,or otherwise
reservations,plus or minus
reservations,presumably
reservations,presume
reservations,primarily
reservations,relatively
reservations,seem
reservations,seemed
reservations,seemingly
reservations,seems
reservations,somewhat
reservations,tend
reservations,tendency
reservations,tending
reservations,to a degree
reservations,to all intents
reservations,to an extent
reservations,would appear
reservations,would suggest
